# legacy redirects
/asking-good-questions         /article/asking-good-questions
/learning-for-fun-and-profit   /article/learning-for-fun-and-profit
/the-terrible-fate-of-reduce   /article/the-terrible-fate-of-reduce
/tech-memes                    /article/tech-memes
/a-night-out-at-the-theaters   /article/a-night-out-at-the-theaters
/whatsapp-sucks                /article/whatsapp-sucks
/typescript-nextjs             /article/typescript-nextjs
/converting-webp               /article/optimizing-images-with-webp
/truthiness-equality           /article/truthiness-equality
/india-banned-my-site          /article/india-banned-my-site
/blizzards-downfall/           /article/blizzards-downfall
/bot-taxonomy                  /article/bot-taxonomy
/why-does-school-suck-so-much  /article/why-does-school-suck-so-much
/misleading-educational-videos /article/misleading-educational-videos
/typescript-permissions        /article/typescript-permissions
/thoughts-on-go                /article/thoughts-on-go
/thoughts-on-go                /article/thoughts-on-go
/building-a-scalable-scraper   /article/building-a-scalable-scraper
